{
    "images":
    {
        "title":
        {
            "image" :"test:textures/newtitle.png",
            "posX" : -250,
            "posY" : 40,
            "width" :500,
            "height" : 60,
            "alignment" : "top_center"
  },"edition":
        {
            "image" : "custommainmenu:textures/gui/edition.png",
            "posX" : -95,
            "posY" : 9000,
            "width" : 128,
            "height" : 16,
            "alignment" : "top_center"
        }
 },   
        
    
    "buttons":
    {
        "singleplayer":
        {
            "text" : "Play Alone",
            "posX" : -100,
            "posY" : 20,
            "width" : 200,
            "height" : 20,
            "action" : 
            {
                "type" : "openGui",
                "gui" : "singleplayer"
            }
        },
        
        "multiplayer":
        {
            "text" : "Play with Friends",
            "posX" : -100,
            "posY" : 60,
            "width" : 200,
            "height" : 20,
            "action" : 
            {
                "type" : "openGui",
                "gui" : "multiplayer"
            }
        },
        
        "mods":
        {
            "text" : "fml.menu.mods",
            "posX" : -100,
            "posY" : 96,
            "width" : 200,
            "height" : 20,
            "action" : 
            {
                "type" : "openGui",
                "gui" : "mods"
            }
        },
            
        "options":
        {
            "text" : "menu.options",
            "posX" : -125,
            "posY" : 132,
            "width" : 98,
            "height" : 20,
            "action" : 
            {
                "type" : "openGui",
                "gui" : "options"
            }
        },
        
        "quit":
        {
            "text" : "menu.quit",
            "posX" : 25,
            "posY" : 132,
            "width" : 98,
            "height" : 20,
            "action" : 
            {
                "type" : "quit"
            }
        },
        
        "language":
        {
            "text" : "",
            "posX" : 50,
            "posY" : 180,
            "width" : 20,
            "height" : 20,
            "action" : 
            {
                "type" : "openGui",
                "gui" : "languages"
            }
        },
        
        "refresh":
        {
            "text" : "",
            "posX" : -70,
            "posY" : 180,
            "width" : 20,
            "height" : 20,
            "texture" : "custommainmenu:textures/gui/buttons.png",
            "action" : 
            {
                "type" : "refresh"
            }
        }
    },
    
    "labels":
    {
        "mojang":
        {
            "text" : "Copyright Mojang AB. Do not distribute!",
            "hoverText" : "�nCopyright Mojang AB. Do not distribute!",
            "posX" : -197,
            "posY" : -10,
            "color" : -1,
            "alignment" : "bottom_right",
            "action" : 
            {
                "type" : "openGui",
                "gui" : "credits"
            }
        },
        
        "fml":
        {
            "text" : "",
            "posX" : 2,
            "posY" : -40,
            "color" : -1,
            "alignment" : "bottom_left"
        }
    },
"other":{
"background":{
"image" : "test:textures/newbg.png",
"mode":"fill"
        }
    }
}
        
        